{"cameraMode":{"drawMode":0,"name":"Shaded","section":"Shading Mode"},"sceneLighting":true,"audioPlay":false,"sceneViewState":{"m_AlwaysRefresh":false,"showFog":true,"showSkybox":true,"showFlares":true,"showImageEffects":true,"showParticleSystems":true,"showVisualEffectGraphs":true,"m_FxEnabled":true},"in2DMode":false,"pivot":{"x":0.12246488034725189,"y":-0.08860909938812256,"z":-1.6069973707199097},"rotation":{"x":-0.021987799555063249,"y":0.270502507686615,"z":-0.006070996634662151,"w":-0.9625915288925171},"size":8.456215858459473,"orthographic":true}